city,total,year,lat,lng
Venezia,19,1925,45.4046171,12.3105232
Padova,8,1925,45.391408,11.8058487
Bologna,64,1925,44.4938203,11.3426327
Urbino,11,1925,43.7262608,12.6363135
Fabriano,6,1925,43.3358407,12.9046187
San Severino Marche,3,1925,43.2290211,13.1779663
Camerino,6,1925,43.1357641,13.0683092
Serrapetrona,3,1925,43.1758989,13.1886151
"Castelraimondo, Castel Santa Maria",1,1925,43.2075604,13.0006411
Foligno,5,1925,42.9559744,12.7034782
Montefalco,3,1925,42.8918739,12.6500673
Assisi,188,1925,43.0711952,12.6146669
Sansepolcro,9,1925,43.5700776,12.1403766
Arezzo,28,1925,43.5171442,11.7639282
Cortona,1,1925,43.2752976,11.9850623
Monte San Savino,2,1925,43.3314232,11.7253508
Sinalunga,6,1925,43.2121236,11.7364829
Lucignano d'Arbia,1,1925,43.2126732,11.4359986
Torrita di Siena,1,1925,43.1667601,11.7716466
Montefollonico,2,1925,43.1277238,11.7450983
Cetona,2,1925,42.964431,11.9004535
Castiglione d'Orcia,1,1925,43.0071166,11.6155411
Rocca d'Orcia,1,1925,43.0113747,11.6141394
Buonconvento,4,1925,43.1381881,11.482096
Campriano,1,1925,43.1964525,11.3692252
Asciano,5,1925,43.2347752,11.5594227
Siena,81,1925,43.167206,11.467561
Montecchio di Sopra,1,1925,43.42994,11.08269
Ginestreto,1,1925,43.2735683,11.3129438
Cerreto Selva,1,1925,43.2807635,11.2698759
Rosia,2,1925,43.24611,11.22176
Montesiepi (Chiusdino),14,1925,43.1524476,11.1554423
Monticiano,8,1925,43.1396699,11.1801262
Montalcino,15,1925,43.0575578,11.4902818
"Castelnuovo dell'Abate, Montalcino",1,1925,42.9952027,11.5165108
Firenze,101,1925,43.7697955,11.2556404
Empoli,15,1926,43.7194884,10.9458556
Pisa,50,1926,43.4714722,10.6797912
Montepulciano,6,1926,43.0945279,11.7826795
Pienza,1,1926,43.0765485,11.6789076
San Quirico d'Orcia,6,1926,43.0603953,11.603645
Lucca,1,1926,44.0177639,10.45443
Pistoia,10,1926,43.9740957,10.8687081
Castelfiorentino,9,1926,43.6056068,10.9712484
Montespertoli,2,1926,43.6436718,11.0752521
Cambiano,1,1926,43.63324,10.96031
Monte Albino,1,1926,43.6099,11.09084
Certaldo,4,1926,43.5477043,11.0409545
Poggibonsi,8,1926,43.4677215,11.148762
Colle di Val d'Elsa,2,1926,43.4226367,11.1263856
Sant'Agnese in Chianti,1,1926,43.4831184,11.2310944
San Giovanni d'Asso,1,1926,43.1525692,11.5900075
San Gimignano,21,1926,43.4677993,11.0432115
Tavarnelle Val di Pesa,1,1926,43.5611665,11.1730035
Quinto Fiorentino,1,1926,43.8252954,11.2153507
Sesto Fiorentino,2,1926,43.831721,11.1992239
Bagno a Ripoli,4,1926,43.76173,11.38209
Monticelli,1,1926,43.77201,11.22725
Sollicciano,1,1926,43.772684,11.1824053
Pozzolatico,1,1926,43.7243046,11.2447212
Impruneta,1,1926,43.6853454,11.2546637
Lastra a Signa,9,1926,43.770985,11.107215
Castelnuovo Berardenga,3,1926,43.3455237,11.5018883
"Gaiole in Chianti, Castello di Brolio",8,1926,43.4135367,11.4639271
Maggiano,1,1926,43.167206,11.467561
Faenza,25,1926,44.2855555,11.8832055
Forlì,8,1926,44.2227278,12.041273
Modena,14,1926,44.5384728,10.9359609
Parma,24,1926,44.6952006,10.0979869
San Casciano in Val di Pesa,1,1926,43.6569596,11.1856679
Perugia,40,1926,43.1070321,12.4029962
Montefalco,13,1926,42.8918739,12.6500673
Foligno,16,1926,42.9559744,12.7034782
Sansepolcro,11,1926,43.5700776,12.1403766
Siena,78,1926,43.167206,11.467561
Asciano,20,1926,43.2347752,11.5594227
Firenze,13,1926,43.7697955,11.2556404
Lastra a Signa,32,1926,43.7451276,11.0668721
Roma,3,,41.8933203,12.4829321
Siena,173,1928,43.167206,11.467561
Agnano,1,1928,43.7377349,10.4878483
Ulignano,1,1928,43.5038469,11.0813787
Sarteano,1,1928,42.989911,11.8687316
San Rocco a Pilli,1,1928,43.2572869,11.2854524
"Sovicille, Pernina",2,1928,43.3073042,11.1941225
"Castelnuovo Berardenga, Dofana",1,1928,43.3136125,11.4308037
San Gimignano,108,1929,43.4677993,11.0432115
Panicale,1,1929,43.0290588,12.0983637
Casaglia,1,1929,43.93986,11.197
Volterra,27,1929,43.400337,10.860019
Staggia,8,1929,43.4222709,11.1824751
Monteriggioni,7,1929,43.3899772,11.2235936
"Monteriggioni, Uopini",1,1929,43.3519462,11.2977762
Murlo,3,1929,43.1607652,11.3879245
Montepertuso,7,1929,43.072964,11.234972
Bibbiano,1,1929,43.12387,11.44955
Buonconvento,13,1929,43.1381881,11.482096
Asciano,24,1929,43.2347752,11.5594227
Trequanda,4,1929,43.1889394,11.6673852
Montisi,11,1929,43.1570068,11.6520963
"Trequanda, Castelmuzio",3,1929,43.1409189,11.6643092
Sinalunga,2,1929,43.2121236,11.7364829
Lucignano d'Arbia,10,1929,43.2126732,11.4359986
Torrita di Siena,13,1929,43.1667601,11.7716466
Pienza,31,1929,43.0765485,11.6789076
Castiglione d'Orcia,6,1929,43.0071166,11.6155411
Serre di Rapolano,1,1929,43.2579571,11.6170145
Castelnuovo Berardenga,2,1929,43.3455237,11.5018883
San Casciano in Val di Pesa,6,1929,43.6569596,11.1856679
Basciano,1,1929,43.37114,11.29597
Grosseto,12,1929,42.7751102,11.2878044
Castelsantangelo sul Nera,24,1929,42.8944925,13.1539297
Roma,1,1929,41.8933203,12.4829321
Nocelleto,2,1929,42.8846756,13.1520901
Visso,7,1929,42.9312321,13.087449
Campi,20,1929,42.8512,13.09494
Borgo Cerreto,5,1929,42.8150034,12.9152755
Spoleto,54,1929,42.7342971,12.7382035
Vallo di Nera,9,1929,42.7546212,12.8637598
Trevi,22,1929,42.8774972,12.7474547
Berlin (Berlin state),,1929,,
Berlin (Berlin state),,1929,,
Berlin (Berlin state),,1929,,
Todi,2,1929,42.7824434,12.4062554
Rapicciano,1,1929,42.6993364,12.6376638
Picciche,3,1929,42.8472503,12.7003833
"Terenzano, Fivizzano",3,1929,44.212749,10.1467261
"Sovicille, Pernina",1,1929,43.3073042,11.1941225
Montecchio,1,1929,42.663533,12.286862
Rapolano (ex),2,1929,43.2641964,11.6319964
Siena,68,1929,43.167206,11.467561
Olena,2,1929,43.52452,11.22715
Firenze,53,1929,43.7697955,11.2556404
Rovezzano,3,1929,43.7664606,11.3128162
Compiobbi,1,1929,43.7843696,11.3611387
Mosciano,1,1929,43.7321952,11.1582093
San Quirico d'Orcia,7,1929,43.0603953,11.603645
Chianciano Terme,9,1929,43.0582549,11.8284293
Chiusi,1,1929,43.016515,11.9477359
Sarteano,10,1929,42.989911,11.8687316
Baschi,1,1929,42.6702835,12.2161353
Santa Fiora,1,1929,42.831581,11.5858657
Sovana,4,1929,42.6571179,11.6463032
Pitigliano,1,1929,42.634827,11.673549
Saturnia,1,1929,42.6652237,11.5049888
Montemerano,4,1929,42.62152,11.4911311
Roccalbegna,5,1929,42.7859754,11.5076818
Poggioferro,1,1929,42.6996589,11.3711519
Magliano in Toscana,9,1929,42.5994416,11.2917394
Grosseto,5,1929,42.7751102,11.2878044
Istia d'Ombrone,2,1929,42.7826472,11.1903197
Montepescali,1,1929,42.8824715,11.0865942
Montorsaio,1,1929,42.890472,11.2044918
Paganico,15,1929,43.1322906,13.1158756
San Giovanni Valdarno,2,1929,43.5649304,11.5305954
Figline Valdarno,4,1929,43.6182682,11.4718926
Castelfiorentino,18,1929,43.6056068,10.9712484
Casole d'Elsa,2,1929,43.3404198,11.043016
Volterra,19,1929,43.400337,10.860019
Massa Marittima,21,1929,43.0500376,10.8879707
Montieri,2,1929,43.1306766,11.0162788
"Sovicille, Segalaie",6,1929,43.2282858,11.2742237
"Sovicille, Torri",2,1929,43.23326,11.22108
Monteroni,1,1929,43.2310941,11.4214524
San Giovanni d'Asso,3,1929,43.1525692,11.5900075
"Montalcino, Monterongriffoli",3,1929,43.1448655,11.5665681
Terenzano,1,1929,43.464544,11.201758
Fonte Lucente,1,1929,43.482542,11.192326
Impruneta,2,1929,43.6853454,11.2546637
Rosano,3,1929,43.7693507,11.4239969
Castiglion Fiorentino,29,1929,43.341715,11.92378
Cambiano,2,1929,43.63324,10.96031
"Firenze, Petrazzi",1,1929,43.5816459,11.0043848
Volterra,3,1929,43.400337,10.860019
Quinciano,1,1929,43.2056659,11.4281795
Chiusure,1,1929,43.1759634,11.558159
"Montalcino, Castelnuovo dell'Abate",1,1929,42.9952027,11.5165108
Montepulciano,3,1929,43.0945279,11.7826795
Maiano,2,1929,43.79382,11.30414
Collina,4,1929,43.9020454,10.8813087
Monte Albino,2,1929,43.6099,11.09084
Venezia,246,1929,45.4046171,12.3105232
Murano,9,1929,45.4584604,12.352971
Torcello,9,1929,45.4971455,12.4152848
Padova,233,1929,45.391408,11.8058487
Pianiga,1,1929,45.4559602,12.0301919
Roma,51,1930,41.8933203,12.4829321
Grottaferrata,4,1930,41.788616,12.6667408
Velletri,2,1930,41.6867015,12.7770433
Palestrina,3,1930,41.8389656,12.8912487
Veroli,3,1930,41.6912736,13.4176298
Filettino,3,1930,41.891424,13.327496
Alatri,7,1930,41.7265651,13.342293
Tivoli,3,1930,41.960922,12.798884
Fiano Romano,2,1930,42.1719129,12.5927265
Sant'Oreste,3,1930,42.2347915,12.518905
Capena,3,1930,42.1401497,12.540201
Fabrica di Roma,6,1930,42.335126,12.299767
Vetralla,4,1930,42.3205336,12.0575
Tuscania,2,1930,42.4202141,11.8702611
Tarquinia,6,1930,42.2532394,11.7591747
Viterbo,8,1930,42.4929522,11.9488136
Verona,153,1930,45.4424977,10.9857377
Romena,4,1930,43.7859591,11.3517351
Stia,17,1930,43.801537,11.7067347
Valiana,1,1930,43.474776,11.450194
Pratovecchio,7,1930,43.7876351,11.7228059
Montemignaio,1,1930,43.7398953,11.6200117
Porrena,1,1930,43.7442194,11.747018
Ponte a Poppi,4,1930,43.7285149,11.76842
Poppi,8,1930,43.7227596,11.7660695
"Poppi, Memmenano",1,1930,43.7127266,11.7913431
Camaldoli,2,1930,43.81025,11.81692
Bibbiena,16,1930,43.6955475,11.817341
Terrossola,1,1930,43.6742979,11.8235005
Montepulciano,1,1930,43.0945279,11.7826795
Pieve di Cento,3,1931,44.7132091,11.3065981
Cento,31,1931,44.7274395,11.2903029
Ferrara,224,1931,44.7667642,11.827939
Formignana,1,1931,44.84348,11.860018
Cetica,5,1931,43.7107177,11.6557039
Vertelli,1,1931,43.7432645,11.6576073
Porciano,3,1931,43.82241,10.92445
Stia,1,1931,43.801537,11.7067347
Piacenza,13,1931,44.8476352,9.6665313
Castell'Arquato,10,1931,44.8511798,9.8671175
Alseno,12,1931,44.8969352,9.9653168
Cortemaggiore,4,1931,44.9963532,9.9310724
Busseto,3,1931,44.9809569,10.0424746
Pellegrino parmense,1,1931,44.7331681,9.9275557
Fidenza,13,1931,44.866522,10.0611939
Parma,32,1931,44.6952006,10.0979869
Carpi,49,1931,44.7835699,10.8854523
Reggio nell'Emilia,3,1931,44.6086674,10.5940667
Bobbio,6,1931,44.769273,9.3862814
Berceto,2,1931,44.5106079,9.9896546
Fornovo di Taro,8,1931,44.6919621,10.1009854
Modena,67,1931,44.5384728,10.9359609
Nonantola,1,1931,44.6776083,11.0436236
Mirandola,3,1931,44.8872071,11.0661063
Fiumalbo,2,1931,44.1799513,10.6477331
Imola,15,1931,44.3535145,11.7141233
Faenza,23,1931,44.2855555,11.8832055
Brisighella,3,1931,44.2221996,11.773325
"Faenza, Sarna",3,1931,44.2401165,11.8317854
Lugo,7,1931,44.42137,11.91094
Bagnacavallo,10,1931,44.4161484,11.9765495
Russi,1,1931,44.37645,12.03335
Ravenna,79,1931,44.3640607,12.0590095
Forlì,4,1931,44.2227278,12.041273
Fornò,5,1931,44.133528,12.065018
Forlimpopoli,4,1931,44.1873049,12.1259056
Bagno di Romagna,3,1931,43.8352272,11.9595985
Galeata,2,1931,43.9966629,11.9120062
Cesena,8,1931,44.136352,12.2422442
Longiano,1,1931,44.0743778,12.3274733
"Cesena, Carpineta",1,1931,44.0832095,12.2674367
Santarcangelo di Romagna,2,1931,44.0634029,12.4467143
Verucchio,1,1931,43.983611,12.4211632
San Leo,1,1931,43.896961,12.343644
San Marino,18,1931,43.9458623,12.458306
Firenze,2,1931,43.7697955,11.2556404
Arezzo,1,1931,43.5171442,11.7639282
Anagni,21,1932,41.7447015,13.1526343
Cassino,5,1932,41.4925576,13.8305297
Piumarola,1,1932,41.4677851,13.7675943
Cervaro,1,1932,41.4811575,13.9051132
Sant'Angelo in Theodice,4,1932,41.44692,13.83152
Montecassino,6,1932,41.4899454,13.8133251
Sant'Elia Fiumerapido,13,1932,41.5399074,13.8657582
San Vittore del Lazio,9,1932,41.4611485,13.9314012
Trocchio,3,1932,41.4653557,13.8658361
Ausonia,8,1932,41.3544611,13.7487479
Minturno,11,1932,41.2629744,13.7465219
Sessa Aurunca,3,1932,41.2369344,13.9347304
Rongolise,11,1932,41.26162,13.91793
Ventaroli,4,1932,41.2122542,13.9855193
Calvi risorta,19,1932,41.216538,14.1287306
Capua,34,1932,41.1079984,14.2097176
Sant'Angelo in Formis,3,1932,41.1196316,14.2506001
Sant'Agata de' Goti,9,1932,41.0885378,14.5037928
Prata di Principato Ultra,3,1932,40.985973,14.8375141
Maiori,10,1932,40.648908,14.640141
Scala,8,1932,40.6536142,14.6077924
Castellammare di Stabia,9,1932,40.6943046,14.4804813
Settefrati,1,1932,41.669624,13.850011
Villetta Barrea,3,1932,41.775827,13.938511
Sulmona,23,1932,42.0474231,13.927011
Bugnara,1,1932,42.0221324,13.8615976
Bussi sul Tirino,2,1932,42.213035,13.826202
Capestrano,4,1932,42.2675788,13.7686558
Bazzano,5,1932,42.33816,13.45421
Tornimparte,1,1932,42.2905404,13.2666188
L'Aquila,2,1932,42.1368853,13.610341
Bominaco,21,1932,42.2438113,13.6577898
Fossa,30,1932,42.2928594,13.4881495
Fossacesia,6,1932,42.2446332,14.4829037
Pianella,8,1932,42.3960111,14.0462697
Notaresco,2,1932,42.654145,13.894698
Moscufo,5,1932,42.4281437,14.0543087
Manoppello,4,1932,42.2577795,14.0599575
Serramonacesca,11,1932,42.2479944,14.0934448
Popoli,1,1932,42.1713106,13.832817
Corfinio,4,1932,42.1241749,13.8424893
Prata d'Ansidonia,2,1932,42.2778184,13.6089721
Cugnoli,2,1932,42.2667504,14.0398986
Capestrano,1,1932,42.2675788,13.7686558
Castel Castagna,17,1932,42.542941,13.716395
Giulianova,5,1932,42.7534856,13.9667011
Loreto Aprutino,13,1932,42.434634,13.9832322
Atri,55,1932,42.5797836,13.97535
Massa d'Albe,5,1932,42.107229,13.394294
Magliano de' Marsi,13,1932,42.091529,13.363794
Corcumello,1,1932,42.0073167,13.3482879
Rocca di Botte,3,1932,42.026225,13.067688
"Pozzilli, Santa Maria Oliveto",3,1932,41.5220618,14.1038001
Rocchetta al Volturno,7,1932,41.6490261,14.0842042
Galluccio,4,1932,41.352318,13.953717
Vallerotonda,2,1932,41.5496912,13.9145849
Venezia,14,1933,45.4046171,12.3105232
Treviso,24,1933,45.8066913,12.2063158
Padova,1,1933,45.391408,11.8058487
Sirmione,11,1933,45.4688494,10.6078237
Feltre,1,1933,46.0163755,11.9062541
Belluno,10,1933,46.2805407,12.0789137
Oderzo,4,1933,45.7833709,12.4937783
Trieste,13,1933,45.6496485,13.7772781
Capodistria,3,1933,45.5479864,13.7304781
Pirano,4,1933,45.5284919,13.5684485
Vermo,8,1933,45.2522005,13.9001167
Dvigrad (Duecastelli),1,1933,45.1272526,13.8117986
Kanfanar,2,1933,45.1228399,13.8384985
Naturno,9,1933,46.6498856,11.0041954
Novacella,10,1933,46.7407941,11.6519229
Bressanone,20,1933,46.716413,11.657792
Forni di sopra,5,1933,46.4202272,12.5855959
Socchieve,7,1933,46.4048369,12.829594
Udine,34,1933,46.0634632,13.2358377
San Vito al Tagliamento,1,1933,45.9145042,12.8565956
Chioggia,1,1933,45.2179083,12.2270656
Montagnana,1,1933,45.2333207,11.4657779
Adria,1,1933,45.0531228,12.0572
Rovigo,11,1933,44.9777076,12.273792
Vicenza,35,1933,45.6348591,11.4063543
Bologna,129,1933,44.4938203,11.3426327
Mantova,53,1933,45.1692628,10.6708365
Cremona,129,1933,45.2208641,10.037038
"Galliano, Cantù",1,1933,45.74096,9.13084
Genova,122,1934,44.40726,8.9338624
Sturla,3,1934,44.4270055,9.3774408
Rapallo,3,1934,44.3511473,9.229671
Savona,17,1934,44.30814,8.47375
Lavagnola,2,1934,44.3218105,8.4691291
Portovenere,10,1934,44.0506605,9.8344585
Levanto,2,1934,44.1699056,9.6120397
Moneglia,2,1934,44.2385001,9.4899769
San Lorenzo al Mare,1,1934,43.8547109,7.9637075
Voltri,1,1934,44.4285842,8.7542329
Varazze,2,1934,44.3592996,8.5753273
Noli,2,1934,44.2058832,8.416419
Finalborgo,3,1934,44.1759104,8.3272794
Millesimo,1,1934,44.367536,8.201746
Calizzano,1,1934,44.2368806,8.1144696
Albenga,5,1934,44.0492503,8.2131239
"Albenga, Campochiesa",6,1934,44.0765826,8.1951833
Taggia,19,1934,43.8696068,7.8364582
Montalto Carpasio,7,1934,43.9477208,7.8619192
Triora,4,1934,43.992523,7.766243
Camporosso,3,1934,43.8151011,7.6284178
Pigna,15,1934,43.93205,7.66123
Briga Marittima,24,1934,44.0618551,7.6158933
Boves,5,1934,44.32985,7.54733
Valgrana,5,1934,44.411229,7.380128
Bernezzo,1,1934,44.385329,7.436329
Mondovì,21,1934,44.3900282,7.8204718
Morozzo,3,1934,44.423932,7.713335
Cherasco,1,1934,44.6522191,7.8580149
Gavi,2,1934,44.6886154,8.8061389
Castelletto d'Orba,5,1934,44.684548,8.703951
Volpedo,9,1934,44.8903753,8.9823003
Alessandria,15,1934,44.91245,8.61895
Quargnento,1,1934,44.9449657,8.4873857
Castellazzo Bormida,2,1934,44.84505,8.577245
Novi Ligure,1,1934,44.76085,8.789551
Sezzadio,3,1934,44.784849,8.572546
Asti,9,1934,44.90162,8.20751
Alba,13,1934,44.6999,8.0347
Novello,3,1934,44.587706,7.9271159
Carmagnola,1,1934,44.8455856,7.7192711
Savigliano,2,1934,44.644037,7.655929
Saluzzo,16,1934,44.6446052,7.4926009
Manta,12,1934,44.6158717,7.4870199
Cavallermaggiore,6,1934,44.709839,7.686329
Piossasco,2,1934,44.990896,7.4629349
Villafranca Piemonte,3,1934,44.778939,7.500424
Piobesi Torinese,4,1934,44.932943,7.610123
Avigliana,11,1934,45.0779435,7.3983904
Susa,3,1934,45.1372115,7.0539789
Gravere,1,1934,45.125342,7.017507
Salbertrand,3,1934,45.041934,6.525954
Giaglione,2,1934,45.1402386,7.0147562
Novalesa,10,1934,45.1896401,7.0154982
Pianezza,5,1934,45.105847,7.543418
"San Carlo Canavese, Ciriè",3,1934,45.2432367,7.6047727
San Maurizio Canavese,3,1934,45.2166755,7.6312409
Rivarolo Canavese,3,1934,45.3320235,7.7230498
Fénis,4,1934,45.7360127,7.4943705
Piverone,1,1934,45.446259,8.005722
Vercelli,1,1934,45.5553827,8.3462837
Torino,88,1935,45.0677551,7.6824892
Ventimiglia,1,1935,43.7917623,7.6033131
Tavole,1,1935,43.9301227,7.9082659
Villatalla,1,1935,43.9405219,7.9092283
Valloria Marittima,1,1935,44.3116183,8.4857835
Borgo Vasia,1,1935,43.9324992,7.9553405
Montegrazie,2,1935,43.9181293,7.9840573
Diano Borello,1,1935,43.9462811,8.0490312
Borgomaro,1,1935,43.974924,7.945147
"Imperia, Castelvecchio",2,1935,43.9016882,8.0344417
Borghetto d'Arroscia,2,1935,44.057726,7.981747
Villanova d'Albenga,4,1935,44.0468362,8.1428461
Bastia d'Albenga,5,1935,44.0576197,8.172214
Bardineto,1,1935,44.1931231,8.1324517
Garlenda,1,1935,44.034227,8.09565
Peagna,2,1935,44.0993186,8.2066312
Borgio,2,1935,44.1601827,8.3033764
Orco Feglino,1,1935,44.2343146,8.3253719
Varazze,8,1935,44.3592996,8.5753273
Sestri Ponente,6,1935,44.4249254,8.8499031
San Pier d'Arena,6,1935,44.4126885,8.8929306
Struppa,1,1935,44.4509918,9.0097302
Avegno,2,1935,44.3913363,9.1563156
Lavagna,1,1935,44.3121536,9.3417059
Chiavari,5,1935,44.3164494,9.3233382
Follo,1,1935,44.1711511,9.8412522
Sarzana,4,1935,44.1131762,9.9599823
Villafranca in Lunigiana,2,1935,44.2946703,9.9496556
"Pietrasanta, Valdicastello",6,1935,43.9578855,10.2695212
Voltaggio,10,1935,44.6203576,8.8426697
Grondona,4,1935,44.69645,8.965456
Acqui Terme,6,1935,44.675145,8.467546
Alba,5,1935,44.6999,8.0347
Monticello d'Alba,3,1935,44.7181817,7.9482038
Santa Vittoria d'Alba,6,1935,44.698641,7.937334
Sommariva Perno,2,1935,44.745642,7.900633
Monforte d'Alba,2,1935,44.582438,7.969637
Mondovì,7,1935,44.3900282,7.8204718
Vicoforte,2,1935,44.3744419,7.8725517
Castelletto Stura,3,1935,44.4417886,7.638649
Montanera,5,1935,44.462233,7.665633
Casale Monferrato,14,1935,45.1362661,8.4498127
Morano Po,1,1935,45.16621,8.36674
Trino,1,1935,45.1939397,8.2969866
Camino,3,1935,45.1621424,8.2874026
Conzano,5,1935,45.0197168,8.4563691
Rosignano Monferrato,1,1935,45.0798785,8.3984776
Moncalvo,1,1935,45.050205,8.2650382
Crea,11,1935,45.10025,8.28203
Montiglio,9,1935,45.3088963,7.5957799
Albugnano,10,1935,45.0779664,7.9711535
Chieri,4,1935,45.0138842,7.8223544
Novalesa,1,1935,45.1896401,7.0154982
Pecetto Torinese,8,1935,45.0168826,7.7499491
Pralormo,1,1935,44.859744,7.901431
Biella,11,1935,45.5669538,8.086912
Cossato,1,1935,45.5699123,8.1799881
Callabiana,1,1935,45.631365,8.09722
Mezzana Mortigliengo,3,1935,45.626566,8.189522
Sostegno,2,1935,45.6528539,8.2697006
Crevacuore,10,1935,45.686868,8.246722
Borgosesia,3,1935,45.7166676,8.2768572
Novara,14,1935,45.58425,8.545997
Aosta,18,1935,45.7373075,7.3204025
Morgex,1,1935,45.7580223,7.0354328
Liveronge,2,1935,45.42,7.09
Ivrea,4,1935,45.4673791,7.874797
Issogne,27,1935,45.6543781,7.6846027
Arnaz,1,1935,45.644475,7.7221826
Roasio,3,1935,45.6080186,8.2880115
Crodo,2,1935,46.2233007,8.3239356
Baceno,6,1935,46.260882,8.320213
Varzo,5,1935,46.2067143,8.2544931
Domodossola,4,1935,46.1152451,8.2920459
Villadossola,3,1935,46.0666631,8.2607168
"Valstrona, Luzzogno",3,1935,45.9141585,8.3441325
Oggebbio,5,1935,45.9975591,8.6503453
Cannobio,13,1935,46.0618077,8.6976394
Verbania,7,1935,45.9344082,8.5580062
Pallanza,4,1935,45.9230169,8.5497586
Cavandone,1,1935,45.9457169,8.5179664
Armeno,4,1935,45.8224566,8.4391986
Orta San Giulio,16,1935,45.7980814,8.406951
Bolzano Novarese,8,1935,45.7627855,8.4451747
Briga,5,1935,45.72931,8.45586
Arona,1,1935,45.7598366,8.5604081
Paruzzaro,7,1935,45.7502412,8.5175987
Oleggio,9,1935,45.5972309,8.6370679
Momo,3,1935,45.5748887,8.5561394
Revello,7,1935,44.6549482,7.3899141
Staffarda,1,1935,44.7209382,7.4374904
Buttigliera Alta,39,1935,45.068804,7.434488
Torino,85,1936,45.0677551,7.6824892
Vercelli,86,1936,45.5553827,8.3462837
Firenze,11,1936,43.7697955,11.2556404
Mondovì,21,1936,44.3900282,7.8204718
Pamparato,2,1936,44.2770289,7.9137137
Lesegno,1,1936,44.402234,7.97084
Priero,2,1936,44.376035,8.093343
Sale delle Langhe,1,1936,44.395235,8.080143
Trinità,1,1936,44.5082766,7.7578969
Bene Vagienna,4,1936,44.543336,7.828335
Vicoforte,1,1936,44.3744419,7.8725517
Boves,3,1936,44.32985,7.54733
Peveragno,1,1936,44.330015,7.6174682
Stroppo,8,1936,44.5068575,7.1258282
Piasco,1,1936,44.5680014,7.4577752
Brossasco,9,1936,44.5698366,7.3616149
Saluzzo,10,1936,44.6446052,7.4926009
Pagno,1,1936,44.611734,7.425725
Macello,7,1936,44.851139,7.39802
Luserna San Giovanni,5,1936,44.815437,7.251318
Frossasco,4,1936,44.9329437,7.3502181
Jouvenceaux,4,1936,45.0240035,6.8469079
Borgone Susa,1,1936,45.12334,7.23641
Buttigliera Alta,3,1936,45.068804,7.434488
Volvera,5,1936,44.9564642,7.5110517
Rivalta Torinese,5,1936,45.067604,7.9171175
Pianezza,7,1936,45.105847,7.543418
Caselle Torinese,2,1936,45.1774901,7.6463671
Cottolengo,5,1936,45.0795593,7.6815602
Rocca Canavese,5,1936,45.3088539,7.5758632
Courgnè,1,1936,45.39341,7.65015
Alpette,1,1936,45.408916,7.578978
Strambino,1,1936,45.381457,7.88572
Ivrea,17,1936,45.4673791,7.874797
Mongrando,5,1936,45.5277315,8.0105832
Ponderano,1,1936,45.538462,8.055921
Verrone,2,1936,45.503662,8.119023
Massazza,1,1936,45.491362,8.164524
Candelo,2,1936,45.5462084,8.1125991
Mottalciata,1,1936,45.505063,8.206725
Cossato,6,1936,45.5699123,8.1799881
Oropa,10,1936,45.6269648,7.9809562
Campiglia Cervo,3,1936,45.6628077,7.9999421
Trivero,2,1936,45.6044799,8.1069391
Cassine,2,1936,44.749948,8.527846
Frugarolo,1,1936,44.837151,8.681548
Rivalta Scrivia,4,1936,44.8492297,8.8158041
Tortona,1,1936,44.89666,8.8641282
Ovada,1,1936,44.638346,8.64525
Alessandria,1,1936,44.91245,8.61895
Occimiano,1,1936,45.060255,8.50764
Casale Monferrato,2,1936,45.1362661,8.4498127
Felizzano,3,1936,44.8999639,8.4362123
Villanova d'Asti,1,1936,44.9418888,7.9375025
Asti,5,1937,44.90162,8.20751
San Martino Alfieri,6,1937,44.8186266,8.1091847
Frossasco,2,1937,44.9329437,7.3502181
Chiusa di San Michele,13,1937,45.1039129,7.326972
Torino,14,1937,45.0677551,7.6824892
Ciriè,4,1937,45.2352767,7.6003081
Vercelli,21,1937,45.5553827,8.3462837
Casalvolone,10,1937,45.4001979,8.4634209
Caresanablot,2,1937,45.3576129,8.3888418
Albano Vercellese,1,1937,45.4253071,8.3809935
Arborio,6,1937,45.49586,8.38755
Arizzano,1,1937,45.9566296,8.5838347
Gozzano,1,1937,45.7464568,8.4360668
Biandrate,1,1937,45.45271,8.46402
San Nazzaro Sesia,8,1937,45.438273,8.4240728
Galliate,4,1937,45.4782672,8.6969031
Gionzana,6,1937,45.438672,8.5424225
Oleggio,6,1937,45.5972309,8.6370679
Barengo,2,1937,45.5750759,8.5136122
Momo,1,1937,45.5748887,8.5561394
Agrate Conturbia,1,1937,45.675837,8.5598116
Cureggio,1,1937,45.674869,8.459727
Paruzzaro,1,1937,45.7502412,8.5175987
Cavaglià,1,1937,45.4077339,8.0934286
Castelletto Cervo,2,1937,45.5162184,8.2266545
Arona,6,1937,45.7598366,8.5604081
Baveno,2,1937,45.9089158,8.5050171
Vespolate,2,1937,45.3495666,8.6690558
Cerano,1,1937,45.410966,8.780039
Garbagna,7,1937,44.780453,8.997856
Novara,13,1937,45.58425,8.545997
Vicolungo,4,1937,45.477564,8.462731
Briona,11,1937,45.542466,8.47973
Sillavengo,2,1937,45.5179815,8.4397794
Valduggia,2,1937,45.728369,8.329923
Grignasco,1,1937,45.6840987,8.3378533
Romagnano Sesia,4,1937,45.631067,8.388627
Fara Novarese,1,1937,45.5551594,8.4589412
Gattinara,3,1937,45.6142424,8.3711382
Quarona,22,1937,45.757869,8.265721
Varallo Pombia,20,1937,45.6659038,8.6326925
Chivasso,1,1937,45.1909588,7.8871864
S. Benigno Canavese,4,1937,45.227052,7.785021
Marentino,5,1937,45.058032,7.8746227
Carmagnola,5,1937,44.8455856,7.7192711
Cavallermaggiore,7,1937,44.709839,7.686329
Mondovì,2,1937,44.3900282,7.8204718
Genova,22,1937,44.40726,8.9338624
Savona,8,1937,44.30814,8.47375
Recco,3,1937,44.3652396,9.1462995
Sestri Levante,70,1937,44.2714526,9.3958627
La Spezia,3,1937,44.238366,9.6912326
Lerici,4,1937,44.0736073,9.9099135
Sarzana,13,1937,44.1131762,9.9599823
Padova,206,1937,45.391408,11.8058487
Adria,3,1937,45.0531228,12.0572
Crespino,1,1937,44.9825584,11.8861875
Piove di Sacco,1,1937,45.296236,12.0356106
Legnaro,1,1937,45.345648,11.963935
Roncaiette,1,1937,45.38333,11.91667
Bovolenta,2,1937,45.2703747,11.9350857
Due Carrare,2,1937,45.2905049,11.8217529
Maserà di Padova,1,1937,45.3207113,11.8709849
Mestrino,1,1937,45.4427579,11.7582537
Arqua Petrarca,3,1937,45.2700441,11.7165149
Monselice,4,1937,45.2417684,11.7508534
Este,10,1937,45.2240069,11.659796
Baone,1,1937,45.2438632,11.6879458
Ospedaletto Euganeo,2,1937,45.2226948,11.6109014
Saletto,1,1937,45.2270539,11.533658
Montagnana,14,1937,45.2333207,11.4657779
Vicenza,20,1937,45.6348591,11.4063543
Cazzano di Tramigna,26,1937,45.473089,11.202892
Illasi,2,1937,45.4659334,11.1800214
Colognola ai Colli,6,1937,45.4346311,11.1867006
San Bonifacio,4,1937,45.3956425,11.2700817
Tregnago,1,1937,45.5139247,11.1656601
Belfiore,4,1937,45.3796233,11.2089761
Massarosa,1,1937,43.8676499,10.3397157
Taggia,10,1937,43.8696068,7.8364582
Molini di Triora,1,1937,43.98962,7.77463
Montalto Ligure,1,1937,43.9277174,7.8444438
Badalucco,2,1937,43.9155573,7.8472946
Baiardo,1,1937,43.9031088,7.7167756
Ceriana,2,1937,43.8807025,7.7745643
Pornassio,2,1937,44.0698777,7.8712894
Imperia,13,1937,43.9583753,7.8667427
Borgomaro,1,1937,43.974924,7.945147
S. Lazzaro Reale,1,1937,43.9768519,7.9686982
Chiusanico,1,1937,43.9724065,7.9910739
Pontedassio,1,1937,43.940324,8.01385
Diano San Pietro,1,1937,43.931424,8.071651
Diano Castello,4,1937,43.9237407,8.0671862
Albenga,1,1937,44.0492503,8.2131239
Cervo,1,1937,43.9319923,8.118942
Celle Ligure,7,1937,44.3463235,8.5444342
Chiavari,3,1937,44.3164494,9.3233382
Lavagna,1,1937,44.3121536,9.3417059
Casarza Ligure,1,1937,44.2735459,9.4497709
Angera,10,1938,45.7721876,8.5751222
Sesto Calende,2,1938,45.7239553,8.6343618
Gemonio,3,1938,45.8792168,8.6753972
Buguggiate,6,1938,45.7859972,8.8049896
Brunello,5,1938,45.7653708,8.7973652
Crosio della Valle,1,1938,45.759974,8.770432
Caronno Varesino,3,1938,45.7386359,8.8312264
Arolo,3,1938,45.8616834,8.6103416
Varese,36,1938,45.8397203,8.7541338
Arcisate,3,1938,45.860392,8.8596177
Casbeno,1,1938,45.8150384,8.8130044
Masnago,2,1938,45.8302479,8.799381
Luino,5,1938,45.9989084,8.739907
Brissago Valtravaglia,1,1938,45.9485671,8.7472331
"Domo, Porto Valtravaglia",5,1938,45.96088,8.68109
Maccagno Superiore,6,1938,46.043456,8.7381794
Bastia d'Albenga,11,1938,44.0576197,8.172214
Campochiesa,4,1938,44.0765826,8.1951833
Pogli,1,1938,44.0556076,8.0693048
Cervo,4,1938,43.9319923,8.118942
Deglio,1,1938,43.9746078,8.0710261
Mantova,134,1938,45.1692628,10.6708365
Verona,70,1938,45.4424977,10.9857377
"Verona, San Michele Extra",7,1938,45.4337552,11.0434544
Mizzole,1,1938,45.4776879,11.0589868
Avesa,1,1938,45.46667,11
Erbezzo,1,1938,45.6400226,11.001577
Corubbio,2,1938,45.6430343,10.7546224
Pedemonte,3,1938,45.9092348,11.3068776
Mazzurega,1,1938,45.5508116,10.865035
Avio,4,1938,45.733793,10.937181
Ala,1,1938,45.74063,10.9792
Malcesine,1,1938,45.7643442,10.8100598
Bardolino,2,1938,45.5475595,10.7242145
Lazise,1,1938,45.5052005,10.7330245
Peschiera del Garda,2,1938,45.4389454,10.6920171
Sommacampagna,3,1938,45.4077839,10.8408526
Bussolengo,9,1938,45.4741307,10.8462482
San Giorgio,2,1938,45.686088,11.0852567
Legnago,3,1938,45.192498,11.3111274
Isola della Scala,1,1938,45.2731049,11.0068888
"Oppeano, Mazzantica",2,1938,45.3014776,11.0603647
Urbana,1,1938,45.19278,11.4449
Erbè,9,1938,45.2409293,10.9684847
Solaro,19,1938,45.6165471,9.0795749
Albizzate,20,1938,45.7239432,8.8031311
Lentate sul Seveso,38,1938,45.6784049,9.1181696
Vertemate,9,1938,45.7280202,9.0722214
Cantù,25,1938,45.7395347,9.129103
"Galliano, Cantù",9,1938,45.74096,9.13084
Civate,23,1938,45.828081,9.342944
Gravedona,2,1938,46.1471878,9.3052568
Colico,7,1938,46.1363111,9.3738195
Como,13,1938,45.9394759,9.1494101
Campione del Garda,25,1938,45.7528229,10.7487784
Ascona,6,1938,46.1554222,8.7707865
Locarno,8,1938,46.1695739,8.7954859
Bellinzona,17,1938,46.1920538,9.0205888
Mesocco,7,1938,46.392173,9.2325189
Bergamo,135,1938,45.7566557,9.7542192
Lodi Vecchio,23,1938,45.301075,9.4165986
Lodi,41,1939,45.2613104,9.4916781
Pavia,103,1939,45.0368547,9.1378251
Belgioioso,3,1939,45.158565,9.313756
Milano,4,1939,45.4641943,9.1896346
San Giuliano Milanese,23,1939,45.3949933,9.2842979
Romano di Lombardia,1,1939,45.5201998,9.7552907
Treviglio,4,1939,45.5217245,9.5931485
Caravaggio,6,1939,45.4972605,9.6437404
Chiari,11,1939,45.5364624,9.928846
Esine,5,1939,45.9258392,10.2508308
Darfo,3,1939,45.8834863,10.1807068
Cislano,5,1939,45.7526494,10.1117147
Lovere,48,1939,45.8168815,10.0752136
Nembro,2,1939,45.7439737,9.7592752
Ranica,2,1939,45.7263379,9.7146629
Ponteranica,1,1939,45.7320767,9.651987
Sedrina,2,1939,45.781783,9.624051
Clusone,11,1939,45.887088,9.949656
Fino del Monte,1,1939,45.89269,9.99406
Bergamo,104,1939,45.7566557,9.7542192
Gandino,3,1939,45.8115328,9.9031182
Almenno San Salvatore,16,1939,45.7499556,9.5963684
Albino,2,1939,45.760661,9.7969489
Mezzoldo,1,1939,46.012403,9.664874
Burgusio,12,1939,46.7102136,10.5283722
Malles Venosta,2,1939,46.6879187,10.5465492
Laudes,1,1939,46.6798212,10.5333489
Glorenza,1,1939,46.6714924,10.5539127
Merano,30,1939,46.6713536,11.1646348
Lana di Sopra,4,1939,46.6152223,11.1445126
Merano,1,1939,46.6713536,11.1646348
Lana di Sotto,1,1939,46.6014055,11.1633708
Vipiteno,3,1939,46.8963235,11.4319398
Brunico,9,1939,46.7963194,11.9355121
Valdaora di Mezzo,9,1939,46.7612729,12.0295582
Cleran,5,1939,46.687617,11.6609469
Meluno,5,1939,46.6933586,11.6689444
Mara,1,1939,46.6921,11.63155
Bressanone,57,1939,46.716413,11.657792
Siena,2,,43.167206,11.467561
Mantova,3,,45.1692628,10.6708365
Pozzano,1,1932,40.6897864,14.4607533
Pisa,118,1945,43.4714722,10.6797912
Firenze,258,1949,43.7697955,11.2556404
Siena,2,1951,43.167206,11.467561
Roma,45,1951,41.8933203,12.4829321
Roma,3,,41.8933203,12.4829321